{
  "LABEL2ID": {
    "angry": 0,
    "happy": 1,
    "sad": 2,
    "surprise": 3,
    "neutral": 4
  },
  "ID2LABEL": {
    "0": "angry",
    "1": "happy",
    "2": "sad",
    "3": "surprise",
    "4": "neutral"
  },
  "class_weights": {
    "0": 1.2103128911138923,
    "1": 0.6701593901593902,
    "2": 1.0010766045548654,
    "3": 1.52481866918953,
    "4": 0.9738569989929506
  },
  "train_counts": {
    "angry": 3995,
    "happy": 7215,
    "sad": 4830,
    "surprise": 3171,
    "neutral": 4965
  },
  "IMG_SIZE": 224,
  "CHANNELS": 3
}